date,day,exercise,set_index,weight,reps
2026-08-09,Upper A,Bench press,1,0,0
2026-08-09,Upper A,Bench press,2,0,0
2026-08-09,Upper A,Bench press,3,0,0
2026-08-09,Upper A,Barbell/chest-supported row,1,0,0
2026-08-09,Upper A,Barbell/chest-supported row,2,0,0
2026-08-09,Upper A,Barbell/chest-supported row,3,0,0
2026-08-09,Upper A,Incline DB press,1,0,0
2026-08-09,Upper A,Incline DB press,2,0,0
2026-08-09,Upper A,Incline DB press,3,0,0
2026-08-09,Upper A,Lat pulldown,1,0,0
2026-08-09,Upper A,Lat pulldown,2,0,0
2026-08-09,Upper A,Lat pulldown,3,0,0
2026-08-09,Upper A,Lateral raise,1,0,0
2026-08-09,Upper A,Lateral raise,2,0,0
2026-08-09,Upper A,Lateral raise,3,0,0
2026-08-09,Upper A,Triceps pushdown,1,0,0
2026-08-09,Upper A,Triceps pushdown,2,0,0
2026-08-09,Upper A,Triceps pushdown,3,0,0
2026-08-09,Upper A,DB curl,1,0,0
2026-08-09,Upper A,DB curl,2,0,0
2026-08-09,Upper A,DB curl,3,0,0
2026-08-11,Upper A,Bench press,1,80,6
2026-08-11,Upper A,Bench press,2,80,6
2026-08-11,Upper A,Bench press,3,80,3
2026-08-11,Upper A,Barbell/chest-supported row,1,70,8
2026-08-11,Upper A,Barbell/chest-supported row,2,70,8
2026-08-11,Upper A,Barbell/chest-supported row,3,70,7
2026-08-11,Upper A,Incline DB press,1,30,12
2026-08-11,Upper A,Incline DB press,2,30,11
2026-08-11,Upper A,Lat pulldown,1,79,10
2026-08-11,Upper A,Lat pulldown,2,79,8
2026-08-11,Upper A,Lateral raise,1,10,12
2026-08-11,Upper A,Lateral raise,2,12,12
2026-08-11,Upper A,Triceps pushdown,1,26,12
2026-08-11,Upper A,Triceps pushdown,2,26,12
2026-08-11,Upper A,DB curl,1,0,0
2026-08-12,Lower A,Squat,1,100,5
2026-08-12,Lower A,Squat,2,100,5
2026-08-12,Lower A,Squat,3,100,5
2026-08-12,Lower A,Romanian deadlift,1,60,8
2026-08-12,Lower A,Romanian deadlift,2,60,8
2026-08-12,Lower A,Romanian deadlift,3,60,8
2026-08-12,Lower A,Leg curl,1,39,10
2026-08-12,Lower A,Leg curl,2,39,10
2026-08-12,Lower A,Standing calf raise,1,40,10
2026-08-12,Lower A,Standing calf raise,2,40,10
2026-08-12,Lower A,Standing calf raise,3,40,10
2026-08-12,Lower A,Hanging knee raise,1,68,8
2026-08-12,Lower A,Hanging knee raise,2,68,8
2026-08-12,Lower A,Hanging knee raise,3,68,8
2026-08-17,Upper A,Bench press,1,80,6
2026-08-17,Upper A,Bench press,2,80,5
2026-08-17,Upper A,Bench press,3,80,5
2026-08-17,Upper A,Barbell/chest-supported row,1,70,8
2026-08-17,Upper A,Barbell/chest-supported row,2,70,8
2026-08-17,Upper A,Barbell/chest-supported row,3,70,8
2026-08-17,Upper A,Incline DB press,1,32,10
2026-08-17,Upper A,Incline DB press,2,32,6
2026-08-17,Upper A,Lat pulldown,1,79,10
2026-08-17,Upper A,Lat pulldown,2,79,10
2026-08-17,Upper A,Lateral raise,1,12,12
2026-08-17,Upper A,Lateral raise,2,12,12
2026-08-17,Upper A,Lateral raise,3,11,12
2026-08-17,Upper A,Triceps pushdown,1,26,15
2026-08-17,Upper A,Triceps pushdown,2,26,15
2026-08-17,Upper A,DB curl,1,16,10
2026-08-17,Upper A,DB curl,2,16,10
2026-08-18,Lower A,Squat,1,100,5
2026-08-18,Lower A,Squat,2,100,5
2026-08-18,Lower A,Squat,3,100,5
2026-08-18,Lower A,Romanian deadlift,1,60,8
2026-08-18,Lower A,Romanian deadlift,2,60,8
2026-08-18,Lower A,Romanian deadlift,3,60,8
2026-08-18,Lower A,Leg curl,1,39,10
2026-08-18,Lower A,Leg curl,2,39,10
2026-08-18,Lower A,Standing calf raise,1,40,10
2026-08-18,Lower A,Standing calf raise,2,40,10
2026-08-18,Lower A,Standing calf raise,3,40,10
2026-08-18,Lower A,Hanging knee raise,1,68,8
2026-08-18,Lower A,Hanging knee raise,2,68,8
2026-08-18,Lower A,Hanging knee raise,3,68,8
2026-08-22,Upper A,Bench press,1,80,5
2026-08-22,Upper A,Bench press,2,80,5
2026-08-22,Upper A,Bench press,3,80,5
2026-08-22,Upper A,Barbell/chest-supported row,1,70,12
2026-08-22,Upper A,Barbell/chest-supported row,2,70,12
2026-08-22,Upper A,Barbell/chest-supported row,3,70,12
2026-08-22,Upper A,Incline DB press,1,32,11
2026-08-22,Upper A,Incline DB press,2,32,8
2026-08-22,Upper A,Lat pulldown,1,79,12
2026-08-22,Upper A,Lat pulldown,2,79,10
2026-08-22,Upper A,Lateral raise,1,12,12
2026-08-22,Upper A,Lateral raise,2,12,12
2026-08-22,Upper A,Lateral raise,3,12,6
2026-08-22,Upper A,Triceps pushdown,1,28,10
2026-08-22,Upper A,Triceps pushdown,2,28,10
2026-08-22,Upper A,DB curl,1,16,10
2026-08-22,Upper A,DB curl,2,16,8
2026-08-29,Upper A,Bench press,1,70,8
2026-08-29,Upper A,Bench press,2,70,8
2026-08-29,Upper A,Bench press,3,70,8
2026-08-29,Upper A,Barbell/chest-supported row,1,70,12
2026-08-29,Upper A,Barbell/chest-supported row,2,70,12
2026-08-29,Upper A,Barbell/chest-supported row,3,70,12
2026-08-29,Upper A,Incline DB press,1,32,11
2026-08-29,Upper A,Incline DB press,2,32,7
2026-08-29,Upper A,Lat pulldown,1,73,12
2026-08-29,Upper A,Lat pulldown,2,73,12
2026-08-29,Upper A,Lateral raise,1,7.9,10
2026-08-29,Upper A,Lateral raise,2,7.9,9
2026-08-29,Upper A,Lateral raise,3,7.9,9
2026-08-29,Upper A,Triceps pushdown,1,28,12
2026-08-29,Upper A,Triceps pushdown,2,28,12
2026-08-29,Upper A,DB curl,1,16,11
2026-08-29,Upper A,DB curl,2,16,10
2026-08-30,Lower A,Squat,1,100,5
2026-08-30,Lower A,Squat,2,100,5
2026-08-30,Lower A,Squat,3,100,5
2026-08-30,Lower A,Romanian deadlift,1,60,12
2026-08-30,Lower A,Romanian deadlift,2,60,12
2026-08-30,Lower A,Romanian deadlift,3,60,12
2026-08-30,Lower A,Leg curl,1,39,15
2026-08-30,Lower A,Leg curl,2,39,12
2026-08-30,Lower A,Standing calf raise,1,40,13
2026-08-30,Lower A,Standing calf raise,2,40,13
2026-08-30,Lower A,Standing calf raise,3,40,12
2026-08-30,Lower A,Hanging knee raise,1,68,10
2026-08-30,Lower A,Hanging knee raise,2,68,8
2026-08-30,Lower A,Hanging knee raise,3,68,8
2026-09-01,Upper B,Overhead press,1,28,7
2026-09-01,Upper B,Overhead press,2,28,7
2026-09-01,Upper B,Overhead press,3,28,7
2026-09-01,Upper B,Weighted pull-up / lat pulldown,1,73,10
2026-09-01,Upper B,Weighted pull-up / lat pulldown,2,73,10
2026-09-01,Upper B,Weighted pull-up / lat pulldown,3,73,10
2026-09-01,Upper B,Dip / flat DB press,1,30,10
2026-09-01,Upper B,Dip / flat DB press,2,30,8
2026-09-01,Upper B,Cable row,1,57,12
2026-09-01,Upper B,Cable row,2,57,11
2026-09-01,Upper B,Cable row,3,57,10
2026-09-01,Upper B,Rear delt fly,1,5.7,12
2026-09-01,Upper B,Rear delt fly,2,5.7,15
2026-09-01,Upper B,Lateral raise,1,3.4,17
2026-09-01,Upper B,Curl + triceps,1,19.3,15
2026-09-01,Upper B,Curl + triceps,2,21.6,15
2026-09-01,Upper B,Curl + triceps,3,19.3,15
2026-09-01,Upper B,Curl + triceps,4,21.6,15
2026-09-06,Upper A,Bench press,1,80,7
2026-09-06,Upper A,Bench press,2,80,7
2026-09-06,Upper A,Bench press,3,75,5
2026-09-06,Upper A,Barbell/chest-supported row,1,72.5,8
2026-09-06,Upper A,Barbell/chest-supported row,2,72.5,8
2026-09-06,Upper A,Barbell/chest-supported row,3,72.5,12
2026-09-06,Upper A,Incline DB press,1,32,12
2026-09-06,Upper A,Incline DB press,2,32,10
2026-09-06,Upper A,Lat pulldown,1,73,15
2026-09-06,Upper A,Lat pulldown,2,73,13
2026-09-06,Upper A,Lateral raise,1,5.7,15
2026-09-06,Upper A,Lateral raise,2,5.7,12
2026-09-06,Upper A,Lateral raise,3,5.7,13
2026-09-06,Upper A,Triceps pushdown,1,28,15
2026-09-06,Upper A,Triceps pushdown,2,28,15
2026-09-06,Upper A,DB curl,1,16,10
2026-09-06,Upper A,DB curl,2,16,10
